[ 
    {"name": "Afghanistan", "code": "AF", "bucket":"aimedis-00002"}, 
    {"name": "Åland Islands", "code": "AX", "bucket":"aimedis-0001"}, 
    {"name": "Albania", "code": "AL", "bucket":"aimedis-0001"}, 
    {"name": "Algeria", "code": "DZ", "bucket":"aimedis-0003"}, 
    {"name": "American Samoa", "code": "AS", "bucket":"aimedis-0005"}, 
    {"name": "Andorra", "code": "AD", "bucket":"aimedis-0001"}, 
    {"name": "Angola", "code": "AO", "bucket":"aimedis-0003"}, 
    {"name": "Anguilla", "code": "AI", "bucket":"aimedis-0004"}, 
    {"name": "Antarctica", "code": "AQ", "bucket":"aimedis-0004"}, 
    {"name": "Antigua and Barbuda", "code": "AG", "bucket":"aimedis-0004"}, 
    {"name": "Argentina", "code": "AR", "bucket":"aimedis-0004"}, 
    {"name": "Armenia", "code": "AM", "bucket":"aimedis-00002"}, 
    {"name": "Aruba", "code": "AW", "bucket":"aimedis-0004"}, 
    {"name": "Australia", "code": "AU", "bucket":"aimedis-0005"}, 
    {"name": "Austria", "code": "AT", "bucket":"aimedis-0001"}, 
    {"name": "Azerbaijan", "code": "AZ", "bucket":"aimedis-00002"}, 
    {"name": "Bahamas", "code": "BS", "bucket":"aimedis-0004"}, 
    {"name": "Bahrain", "code": "BH", "bucket":"aimedis-00002"}, 
    {"name": "Bangladesh", "code": "BD", "bucket":"aimedis-00002"}, 
    {"name": "Barbados", "code": "BB", "bucket":"aimedis-0004"}, 
    {"name": "Belarus", "code": "BY", "bucket":"aimedis-0001"}, 
    {"name": "Belgium", "code": "BE", "bucket":"aimedis-0001"}, 
    {"name": "Belize", "code": "BZ", "bucket":"aimedis-0004"}, 
    {"name": "Benin", "code": "BJ", "bucket":"aimedis-0003"}, 
    {"name": "Bermuda", "code": "BM", "bucket":"aimedis-0004"}, 
    {"name": "Bhutan", "code": "BT", "bucket":"aimedis-00002"}, 
    {"name": "Bolivia", "code": "BO", "bucket":"aimedis-0004"}, 
    {"name": "Bosnia and Herzegovina", "code": "BA", "bucket":"aimedis-0001"}, 
    {"name": "Botswana", "code": "BW", "bucket":"aimedis-0003"}, 
    {"name": "Bouvet Island", "code": "BV", "bucket":"aimedis-0006"}, 
    {"name": "Brazil", "code": "BR", "bucket":"aimedis-0004"}, 
    {"name": "British Indian Ocean Territory", "code": "IO", "bucket":"aimedis-00002"}, 
    {"name": "Brunei Darussalam", "code": "BN", "bucket":"aimedis-00002"}, 
    {"name": "Bulgaria", "code": "BG", "bucket":"aimedis-0001"}, 
    {"name": "Burkina Faso", "code": "BF", "bucket":"aimedis-0003"}, 
    {"name": "Burundi", "code": "BI", "bucket":"aimedis-0003"}, 
    {"name": "Cambodia", "code": "KH", "bucket":"aimedis-00002"}, 
    {"name": "Cameroon", "code": "CM", "bucket":"aimedis-0003"}, 
    {"name": "Canada", "code": "CA", "bucket":"aimedis-0004"}, 
    {"name": "Cape Verde", "code": "CV", "bucket":"aimedis-0003"}, 
    {"name": "Cayman Islands", "code": "KY", "bucket":"aimedis-0004"}, 
    {"name": "Central African Republic", "code": "CF", "bucket":"aimedis-0003"}, 
    {"name": "Chad", "code": "TD", "bucket":"aimedis-0003"}, 
    {"name": "Chile", "code": "CL", "bucket":"aimedis-0004"}, 
    {"name": "China", "code": "CN", "bucket":"aimedis-00002"}, 
    {"name": "Christmas Island", "code": "CX", "bucket":"aimedis-00002"}, 
    {"name": "Cocos (Keeling) Islands", "code": "CC", "bucket":"aimedis-00002"}, 
    {"name": "Colombia", "code": "CO", "bucket":"aimedis-0004"}, 
    {"name": "Comoros", "code": "KM", "bucket":"aimedis-0003"}, 
    {"name": "Congo", "code": "CG", "bucket":"aimedis-0003"}, 
    {"name": "Congo, The Democratic Republic of the", "code": "CD", "bucket":"aimedis-0003"}, 
    {"name": "Cook Islands", "code": "CK", "bucket":"aimedis-0005"}, 
    {"name": "Costa Rica", "code": "CR", "bucket":"aimedis-0004"}, 
    {"name": "Cote D\"Ivoire", "code": "CI", "bucket":"aimedis-0003"}, 
    {"name": "Croatia", "code": "HR", "bucket":"aimedis-0001"}, 
    {"name": "Cuba", "code": "CU", "bucket":"aimedis-0004"}, 
    {"name": "Cyprus", "code": "CY", "bucket":"aimedis-00002"}, 
    {"name": "Czech Republic", "code": "CZ", "bucket":"aimedis-0001"}, 
    {"name": "Denmark", "code": "DK", "bucket":"aimedis-0001"}, 
    {"name": "Djibouti", "code": "DJ", "bucket":"aimedis-0003"}, 
    {"name": "Dominica", "code": "DM", "bucket":"aimedis-0004"}, 
    {"name": "Dominican Republic", "code": "DO", "bucket":"aimedis-0004"}, 
    {"name": "Ecuador", "code": "EC", "bucket":"aimedis-0004"}, 
    {"name": "Egypt", "code": "EG", "bucket":"aimedis-0003"}, 
    {"name": "El Salvador", "code": "SV", "bucket":"aimedis-0004"}, 
    {"name": "Equatorial Guinea", "code": "GQ", "bucket":"aimedis-0003"}, 
    {"name": "Eritrea", "code": "ER", "bucket":"aimedis-0003"}, 
    {"name": "Estonia", "code": "EE", "bucket":"aimedis-0001"}, 
    {"name": "Ethiopia", "code": "ET", "bucket":"aimedis-0003"}, 
    {"name": "Falkland Islands (Malvinas)", "code": "FK", "bucket":"aimedis-0004"}, 
    {"name": "Faroe Islands", "code": "FO", "bucket":"aimedis-0001"}, 
    {"name": "Fiji", "code": "FJ", "bucket":"aimedis-0005"}, 
    {"name": "Finland", "code": "FI", "bucket":"aimedis-0001"}, 
    {"name": "France", "code": "FR", "bucket":"aimedis-0001"}, 
    {"name": "French Guiana", "code": "GF", "bucket":"aimedis-0004"}, 
    {"name": "French Polynesia", "code": "PF", "bucket":"aimedis-0005"}, 
    {"name": "French Southern Territories", "code": "TF", "bucket":"aimedis-0006"}, 
    {"name": "Gabon", "code": "GA", "bucket":"aimedis-0003"}, 
    {"name": "Gambia", "code": "GM", "bucket":"aimedis-0003"}, 
    {"name": "Georgia", "code": "GE", "bucket":"aimedis-00002"}, 
    {"name": "Germany", "code": "DE", "bucket":"aimedis-eu-germany-1"},
    {"name": "Ghana", "code": "GH", "bucket":"aimedis-0003"}, 
    {"name": "Gibraltar", "code": "GI", "bucket":"aimedis-0001"}, 
    {"name": "Greece", "code": "GR", "bucket":"aimedis-0001"}, 
    {"name": "Greenland", "code": "GL", "bucket":"aimedis-0004"}, 
    {"name": "Grenada", "code": "GD", "bucket":"aimedis-0004"}, 
    {"name": "Guadeloupe", "code": "GP", "bucket":"aimedis-0004"}, 
    {"name": "Guam", "code": "GU", "bucket":"aimedis-0005"}, 
    {"name": "Guatemala", "code": "GT", "bucket":"aimedis-0004"}, 
    {"name": "Guernsey", "code": "GG", "bucket":"aimedis-0001"}, 
    {"name": "Guinea", "code": "GN", "bucket":"aimedis-0003"}, 
    {"name": "Guinea-Bissau", "code": "GW", "bucket":"aimedis-0003"}, 
    {"name": "Guyana", "code": "GY", "bucket":"aimedis-0004"}, 
    {"name": "Haiti", "code": "HT", "bucket":"aimedis-0004"}, 
    {"name": "Heard Island and Mcdonald Islands", "code": "HM", "bucket":"aimedis-0006"}, 
    {"name": "Holy See (Vatican City State)", "code": "VA", "bucket":"aimedis-0001"}, 
    {"name": "Honduras", "code": "HN", "bucket":"aimedis-0004"}, 
    {"name": "Hong Kong", "code": "HK", "bucket":"aimedis-00002"}, 
    {"name": "Hungary", "code": "HU", "bucket":"aimedis-0001"}, 
    {"name": "Iceland", "code": "IS", "bucket":"aimedis-0001"}, 
    {"name": "India", "code": "IN", "bucket":"aimedis-00002"}, 
    {"name": "Indonesia", "code": "ID", "bucket":"aimedis-00002"}, 
    {"name": "Iran", "code": "IR", "bucket":"aimedis-00002"}, 
    {"name": "Iraq", "code": "IQ", "bucket":"aimedis-00002"}, 
    {"name": "Ireland", "code": "IE", "bucket":"aimedis-0001"}, 
    {"name": "Isle of Man", "code": "IM", "bucket":"aimedis-0001"}, 
    {"name": "Israel", "code": "IL", "bucket":"aimedis-00002"}, 
    {"name": "Italy", "code": "IT", "bucket":"aimedis-0001"}, 
    {"name": "Jamaica", "code": "JM", "bucket":"aimedis-0004"}, 
    {"name": "Japan", "code": "JP", "bucket":"aimedis-00002"}, 
    {"name": "Jersey", "code": "JE", "bucket":"aimedis-0001"}, 
    {"name": "Jordan", "code": "JO", "bucket":"aimedis-00002"}, 
    {"name": "Kazakhstan", "code": "KZ", "bucket":"aimedis-00002"}, 
    {"name": "Kenya", "code": "KE", "bucket":"aimedis-0003"}, 
    {"name": "Kiribati", "code": "KI", "bucket":"aimedis-0005"}, 
    {"name": "Korea, Democratic People\"S Republic of", "code": "KP", "bucket":"aimedis-00002"}, 
    {"name": "Korea, Republic of", "code": "KR", "bucket":"aimedis-00002"}, 
    {"name": "Kuwait", "code": "KW", "bucket":"aimedis-00002"}, 
    {"name": "Kyrgyzstan", "code": "KG", "bucket":"aimedis-00002"}, 
    {"name": "Lao People\"S Democratic Republic", "code": "LA", "bucket":"aimedis-00002"}, 
    {"name": "Latvia", "code": "LV", "bucket":"aimedis-0001"}, 
    {"name": "Lebanon", "code": "LB", "bucket":"aimedis-00002"}, 
    {"name": "Lesotho", "code": "LS", "bucket":"aimedis-0003"}, 
    {"name": "Liberia", "code": "LR", "bucket":"aimedis-0003"}, 
    {"name": "Libyan Arab Jamahiriya", "code": "LY", "bucket":"aimedis-0003"}, 
    {"name": "Liechtenstein", "code": "LI", "bucket":"aimedis-0001"}, 
    {"name": "Lithuania", "code": "LT", "bucket":"aimedis-0001"}, 
    {"name": "Luxembourg", "code": "LU", "bucket":"aimedis-0001"}, 
    {"name": "Macao", "code": "MO", "bucket":"aimedis-00002"}, 
    {"name": "Macedonia, The Former Yugoslav Republic of", "code": "MK", "bucket":"aimedis-0001"}, 
    {"name": "Madagascar", "code": "MG", "bucket":"aimedis-0003"}, 
    {"name": "Malawi", "code": "MW", "bucket":"aimedis-0003"}, 
    {"name": "Malaysia", "code": "MY", "bucket":"aimedis-00002"}, 
    {"name": "Maldives", "code": "MV", "bucket":"aimedis-00002"}, 
    {"name": "Mali", "code": "ML", "bucket":"aimedis-0003"}, 
    {"name": "Malta", "code": "MT", "bucket":"aimedis-0001"}, 
    {"name": "Marshall Islands", "code": "MH", "bucket":"aimedis-0005"}, 
    {"name": "Martinique", "code": "MQ", "bucket":"aimedis-0004"}, 
    {"name": "Mauritania", "code": "MR", "bucket":"aimedis-0003"}, 
    {"name": "Mauritius", "code": "MU", "bucket":"aimedis-0003"}, 
    {"name": "Mayotte", "code": "YT", "bucket":"aimedis-0003"}, 
    {"name": "Mexico", "code": "MX", "bucket":"aimedis-0004"}, 
    {"name": "Micronesia, Federated States of", "code": "FM", "bucket":"aimedis-0005"}, 
    {"name": "Moldova, Republic of", "code": "MD", "bucket":"aimedis-0001"}, 
    {"name": "Monaco", "code": "MC", "bucket":"aimedis-0001"}, 
    {"name": "Mongolia", "code": "MN", "bucket":"aimedis-00002"}, 
    {"name": "Montenegro", "code": "ME", "bucket":"aimedis-0001"},
    {"name": "Montserrat", "code": "MS", "bucket":"aimedis-0004"},
    {"name": "Morocco", "code": "MA", "bucket":"aimedis-0003"}, 
    {"name": "Mozambique", "code": "MZ", "bucket":"aimedis-0003"}, 
    {"name": "Myanmar", "code": "MM", "bucket":"aimedis-00002"}, 
    {"name": "Namibia", "code": "NA", "bucket":"aimedis-0003"}, 
    {"name": "Nauru", "code": "NR", "bucket":"aimedis-0005"}, 
    {"name": "Nepal", "code": "NP", "bucket":"aimedis-00002"}, 
    {"name": "Netherlands", "code": "NL", "bucket":"aimedis-0001"}, 
    {"name": "Netherlands Antilles", "code": "AN", "bucket":"aimedis-0004"}, 
    {"name": "New Caledonia", "code": "NC", "bucket":"aimedis-0005"}, 
    {"name": "New Zealand", "code": "NZ", "bucket":"aimedis-0005"}, 
    {"name": "Nicaragua", "code": "NI", "bucket":"aimedis-0004"}, 
    {"name": "Niger", "code": "NE", "bucket":"aimedis-0003"}, 
    {"name": "Nigeria", "code": "NG", "bucket":"aimedis-0003"}, 
    {"name": "Niue", "code": "NU", "bucket":"aimedis-0005"}, 
    {"name": "Norfolk Island", "code": "NF", "bucket":"aimedis-0005"}, 
    {"name": "Northern Mariana Islands", "code": "MP", "bucket":"aimedis-0005"}, 
    {"name": "Norway", "code": "NO", "bucket":"aimedis-0001"}, 
    {"name": "Oman", "code": "OM", "bucket":"aimedis-00002"}, 
    {"name": "Pakistan", "code": "PK", "bucket":"aimedis-00002"}, 
    {"name": "Palau", "code": "PW", "bucket":"aimedis-0005"}, 
    {"name": "Palestinian Territory", "code": "PS", "bucket":"aimedis-00002"}, 
    {"name": "Panama", "code": "PA", "bucket":"aimedis-0004"}, 
    {"name": "Papua New Guinea", "code": "PG", "bucket":"aimedis-0005"}, 
    {"name": "Paraguay", "code": "PY", "bucket":"aimedis-0004"}, 
    {"name": "Peru", "code": "PE", "bucket":"aimedis-0004"}, 
    {"name": "Philippines", "code": "PH", "bucket":"aimedis-00002"}, 
    {"name": "Pitcairn", "code": "PN", "bucket":"aimedis-0005"}, 
    {"name": "Poland", "code": "PL", "bucket":"aimedis-0001"}, 
    {"name": "Portugal", "code": "PT", "bucket":"aimedis-0001"}, 
    {"name": "Puerto Rico", "code": "PR", "bucket":"aimedis-0004"}, 
    {"name": "Qatar", "code": "QA", "bucket":"aimedis-00002"}, 
    {"name": "Reunion", "code": "RE", "bucket":"aimedis-0003"}, 
    {"name": "Romania", "code": "RO", "bucket":"aimedis-0001"}, 
    {"name": "Russian Federation", "code": "RU", "bucket":"aimedis-0001"}, 
    {"name": "RWANDA", "code": "RW", "bucket":"aimedis-0003"}, 
    {"name": "Saint Helena", "code": "SH", "bucket":"aimedis-0003"}, 
    {"name": "Saint Kitts and Nevis", "code": "KN", "bucket":"aimedis-0004"}, 
    {"name": "Saint Lucia", "code": "LC", "bucket":"aimedis-0004"}, 
    {"name": "Saint Pierre and Miquelon", "code": "PM", "bucket":"aimedis-0004"}, 
    {"name": "Saint Vincent and the Grenadines", "code": "VC", "bucket":"aimedis-0004"}, 
    {"name": "Samoa", "code": "WS", "bucket":"aimedis-0005"}, 
    {"name": "San Marino", "code": "SM", "bucket":"aimedis-0001"}, 
    {"name": "Sao Tome and Principe", "code": "ST", "bucket":"aimedis-0003"}, 
    {"name": "Saudi Arabia", "code": "SA", "bucket":"aimedis-00002"}, 
    {"name": "Senegal", "code": "SN", "bucket":"aimedis-0003"}, 
    {"name": "Serbia", "code": "RS", "bucket":"aimedis-0001"}, 
    {"name": "Seychelles", "code": "SC", "bucket":"aimedis-0003"}, 
    {"name": "Sierra Leone", "code": "SL", "bucket":"aimedis-0003"}, 
    {"name": "Singapore", "code": "SG", "bucket":"aimedis-00002"}, 
    {"name": "Slovakia", "code": "SK", "bucket":"aimedis-0001"}, 
    {"name": "Slovenia", "code": "SI", "bucket":"aimedis-0001"}, 
    {"name": "Solomon Islands", "code": "SB", "bucket":"aimedis-0005"}, 
    {"name": "Somalia", "code": "SO", "bucket":"aimedis-0003"}, 
    {"name": "South Africa", "code": "ZA", "bucket":"aimedis-0003"}, 
    {"name": "South Georgia and the South Sandwich Islands", "code": "GS", "bucket":"aimedis-0006"}, 
    {"name": "Spain", "code": "ES", "bucket":"aimedis-0001"}, 
    {"name": "Sri Lanka", "code": "LK", "bucket":"aimedis-00002"}, 
    {"name": "Sudan", "code": "SD", "bucket":"aimedis-0003"}, 
    {"name": "Suriname", "code": "SR", "bucket":"aimedis-0004"}, 
    {"name": "Svalbard and Jan Mayen", "code": "SJ", "bucket":"aimedis-0004"}, 
    {"name": "Swaziland", "code": "SZ", "bucket":"aimedis-0003"}, 
    {"name": "Sweden", "code": "SE", "bucket":"aimedis-0001"}, 
    {"name": "Switzerland", "code": "CH", "bucket":"aimedis-0001"}, 
    {"name": "Syrian Arab Republic", "code": "SY", "bucket":"aimedis-00002"}, 
    {"name": "Taiwan, Province of China", "code": "TW", "bucket":"aimedis-0004"}, 
    {"name": "Tajikistan", "code": "TJ", "bucket":"aimedis-00002"}, 
    {"name": "Tanzania, United Republic of", "code": "TZ", "bucket":"aimedis-0003"}, 
    {"name": "Thailand", "code": "TH", "bucket":"aimedis-00002"}, 
    {"name": "Timor-Leste", "code": "TL", "bucket":"aimedis-00002"}, 
    {"name": "Togo", "code": "TG", "bucket":"aimedis-0003"}, 
    {"name": "Tokelau", "code": "TK", "bucket":"aimedis-0005"}, 
    {"name": "Tonga", "code": "TO", "bucket":"aimedis-0005"}, 
    {"name": "Trinidad and Tobago", "code": "TT", "bucket":"aimedis-0004"}, 
    {"name": "Tunisia", "code": "TN", "bucket":"aimedis-0003"}, 
    {"name": "Turkey", "code": "TR", "bucket":"aimedis-00002"}, 
    {"name": "Turkmenistan", "code": "TM", "bucket":"aimedis-00002"}, 
    {"name": "Turks and Caicos Islands", "code": "TC", "bucket":"aimedis-0004"}, 
    {"name": "Tuvalu", "code": "TV", "bucket":"aimedis-0005"}, 
    {"name": "Uganda", "code": "UG", "bucket":"aimedis-0003"}, 
    {"name": "Ukraine", "code": "UA", "bucket":"aimedis-0001"}, 
    {"name": "United Arab Emirates", "code": "AE", "bucket":"aimedis-00002"}, 
    {"name": "United Kingdom", "code": "GB", "bucket":"aimedis-0001"}, 
    {"name": "United States", "code": "US", "bucket":"aimedis-0004"}, 
    {"name": "United States Minor Outlying Islands", "code": "UM", "bucket":"aimedis-0004"}, 
    {"name": "Uruguay", "code": "UY", "bucket":"aimedis-0004"}, 
    {"name": "Uzbekistan", "code": "UZ", "bucket":"aimedis-00002"}, 
    {"name": "Vanuatu", "code": "VU", "bucket":"aimedis-0005"}, 
    {"name": "Venezuela", "code": "VE", "bucket":"aimedis-0004"}, 
    {"name": "Viet Nam", "code": "VN", "bucket":"aimedis-00002"}, 
    {"name": "Virgin Islands, British", "code": "VG", "bucket":"aimedis-0004"}, 
    {"name": "Virgin Islands, U.S.", "code": "VI", "bucket":"aimedis-0004"}, 
    {"name": "Wallis and Futuna", "code": "WF", "bucket":"aimedis-0005"}, 
    {"name": "Western Sahara", "code": "EH", "bucket":"aimedis-0003"}, 
    {"name": "Yemen", "code": "YE", "bucket":"aimedis-00002"}, 
    {"name": "Zambia", "code": "ZM", "bucket":"aimedis-0003"}, 
    {"name": "Zimbabwe", "code": "ZW", "bucket":"aimedis-0003"} 
    ]